{"cameraMode":{"drawMode":0,"name":"Shaded","section":"Shading Mode"},"sceneLighting":false,"audioPlay":false,"sceneViewState":{"m_AlwaysRefresh":false,"showFog":true,"showSkybox":false,"showFlares":true,"showImageEffects":true,"showParticleSystems":true,"showVisualEffectGraphs":true,"m_FxEnabled":true},"in2DMode":false,"pivot":{"x":0.6645150184631348,"y":0.07843446731567383,"z":-0.009765803813934327},"rotation":{"x":-0.25479555130004885,"y":-0.5605972409248352,"z":0.1865874081850052,"w":-0.7655079960823059},"size":1.0780097246170045,"orthographic":false}