{"cameraMode":{"drawMode":0,"name":"Shaded","section":"Shading Mode"},"sceneLighting":false,"audioPlay":false,"sceneViewState":{"m_AlwaysRefresh":false,"showFog":true,"showSkybox":false,"showFlares":true,"showImageEffects":true,"showParticleSystems":true,"showVisualEffectGraphs":true,"m_FxEnabled":true},"in2DMode":false,"pivot":{"x":0.015635818243026735,"y":0.8728103637695313,"z":0.2596365213394165},"rotation":{"x":0.29265615344047549,"y":-0.038834087550640109,"z":0.011438379995524884,"w":0.9551048278808594},"size":1.6131716966629029,"orthographic":false}