{"cameraMode":{"drawMode":0,"name":"Shaded","section":"Shading Mode"},"sceneLighting":true,"audioPlay":false,"sceneViewState":{"m_AlwaysRefresh":true,"showFog":true,"showSkybox":true,"showFlares":true,"showImageEffects":true,"showParticleSystems":true,"showVisualEffectGraphs":true,"m_FxEnabled":true},"in2DMode":false,"pivot":{"x":7.381634712219238,"y":1.5028804540634156,"z":2.9696202278137209},"rotation":{"x":0.42374441027641299,"y":-0.12024073302745819,"z":0.058876629918813708,"w":0.8958684802055359},"size":6.849151611328125,"orthographic":false}