{"cameraMode":{"drawMode":0,"name":"Shaded","section":"Shading Mode"},"sceneLighting":true,"audioPlay":false,"sceneViewState":{"m_AlwaysRefresh":true,"showFog":true,"showSkybox":true,"showFlares":true,"showImageEffects":true,"showParticleSystems":true,"showVisualEffectGraphs":true,"m_FxEnabled":true},"in2DMode":false,"pivot":{"x":0.1715526580810547,"y":3.9038314819335939,"z":0.12759065628051759},"rotation":{"x":-0.27226799726486208,"y":0.47288864850997927,"z":-0.1586313396692276,"w":-0.8228909373283386},"size":6.849151611328125,"orthographic":false}