{"cameraMode":{"drawMode":0,"name":"Shaded","section":"Shading Mode"},"sceneLighting":false,"audioPlay":false,"sceneViewState":{"m_AlwaysRefresh":true,"showFog":true,"showSkybox":false,"showFlares":true,"showImageEffects":true,"showParticleSystems":true,"showVisualEffectGraphs":true,"m_FxEnabled":true},"in2DMode":false,"pivot":{"x":0.03590917959809303,"y":1.5827997922897339,"z":0.9886428117752075},"rotation":{"x":-0.0008364999666810036,"y":0.9760489463806152,"z":-0.21755576133728028,"w":-0.0037920167669653894},"size":0.20764777064323426,"orthographic":false}