{"cameraMode":{"drawMode":0,"name":"Shaded","section":"Shading Mode"},"sceneLighting":false,"audioPlay":false,"sceneViewState":{"m_AlwaysRefresh":false,"showFog":true,"showSkybox":false,"showFlares":true,"showImageEffects":true,"showParticleSystems":true,"showVisualEffectGraphs":true,"m_FxEnabled":true},"in2DMode":false,"pivot":{"x":0.005863368511199951,"y":0.020000003278255464,"z":-0.030897989869117738},"rotation":{"x":-0.4947093427181244,"y":0.02971521206200123,"z":-0.01698414981365204,"w":-0.868430495262146},"size":0.4506704807281494,"orthographic":false}