{"cameraMode":{"drawMode":0,"name":"Shaded","section":"Shading Mode"},"sceneLighting":false,"audioPlay":false,"sceneViewState":{"m_AlwaysRefresh":false,"showFog":false,"showSkybox":false,"showFlares":false,"showImageEffects":false,"showParticleSystems":false,"showVisualEffectGraphs":true,"m_FxEnabled":true},"in2DMode":false,"pivot":{"x":0.7617073059082031,"y":1.2881988286972047,"z":-0.46466654539108279},"rotation":{"x":0.1457420140504837,"y":-0.7776375412940979,"z":0.19548660516738892,"w":0.5795469880104065},"size":1.3591363430023194,"orthographic":false}