{"cameraMode":{"drawMode":0,"name":"Shaded","section":"Shading Mode"},"sceneLighting":false,"audioPlay":false,"sceneViewState":{"m_AlwaysRefresh":true,"showFog":true,"showSkybox":false,"showFlares":true,"showImageEffects":true,"showParticleSystems":true,"showVisualEffectGraphs":true,"m_FxEnabled":true},"in2DMode":false,"pivot":{"x":0.5061485767364502,"y":-0.5671659708023071,"z":-2.397625684738159},"rotation":{"x":-0.016011469066143037,"y":-0.9476097822189331,"z":0.31540611386299136,"w":-0.04809338599443436},"size":2.237990379333496,"orthographic":false}