{"cameraMode":{"drawMode":0,"name":"Shaded","section":"Shading Mode"},"sceneLighting":false,"audioPlay":false,"sceneViewState":{"m_AlwaysRefresh":true,"showFog":true,"showSkybox":false,"showFlares":true,"showImageEffects":true,"showParticleSystems":true,"showVisualEffectGraphs":true,"m_FxEnabled":true},"in2DMode":false,"pivot":{"x":0.05521055683493614,"y":2.3596272468566896,"z":-0.7962605953216553},"rotation":{"x":0.5446014404296875,"y":0.08520803600549698,"z":-0.0557403638958931,"w":0.8324939608573914},"size":0.1589762568473816,"orthographic":false}